"child","value","parent"
"bright light",1972,"lightform"
"white light",1665,"lightform"
"orange lights",1376,"lightform"
"white lights",1278,"lightform"
"red lights",1197,"lightform"
"bright lights",940,"lightform"
"red light",909,"lightform"
"orange light",724,"lightform"
"flashing lights",553,"lightform"
"green light",413,"lightform"
"blue light",369,"lightform"
"colored lights",318,"lightform"
"blue lights",301,"lightform"
"green lights",294,"lightform"
"blinking lights",258,"lightform"
"strange lights",256,"lightform"
"flashing light",254,"lightform"
"moving light",194,"lightform"
"yellow lights",193,"lightform"
"amber lights",190,"lightform"
"strange light",179,"lightform"
"shaped light",153,"lightform"
"moving lights",140,"lightform"
"shaped lights",140,"lightform"
"blinking light",123,"lightform"
"glowing lights",116,"lightform"
"yellow light",113,"lightform"
"glowing light",100,"lightform"
"pulsating light",96,"lightform"
"circular light",93,"lightform"
"circular lights",92,"lightform"
"round light",92,"lightform"
"round lights",91,"lightform"
"colored light",86,"lightform"
"amber light",79,"lightform"
"stationary light",77,"lightform"
"dim lights",74,"lightform"
"pulsating lights",73,"lightform"
"pulsing light",68,"lightform"
"advertising lights",63,"lightform"
"stationary lights",62,"lightform"
"multiple lights",57,"lightform"
"strobe lights",52,"lightform"
"single light",51,"lightform"
"flickering light",48,"lightform"
"hovering light",46,"lightform"
"oval light",44,"lightform"
"rotating lights",43,"lightform"
"phoenix lights",42,"lightform"
"flickering lights",40,"lightform"
"hovering lights",40,"lightform"
"multicolored lights",39,"lightform"
"quot light",39,"lightform"
"pulsing lights",37,"lightform"
"triangle lights",37,"lightform"
"changing light",35,"lightform"
"dim light",35,"lightform"
"triangular lights",35,"lightform"
"solid light",34,"lightform"
"strobe light",34,"lightform"
"triangular light",34,"lightform"
"quot lights",33,"lightform"
"yellowish light",33,"lightform"
"color lights",32,"lightform"
"flying light",31,"lightform"
"reddish lights",30,"lightform"
"brilliant light",29,"lightform"
"flying lights",29,"lightform"
"spherical light",29,"lightform"
"strobing lights",28,"lightform"
"unusual lights",28,"lightform"
"dancing lights",26,"lightform"
"gold light",26,"lightform"
"shape light",26,"lightform"
"spot light",26,"lightform"
"strobing light",26,"lightform"
"changing lights",23,"lightform"
"day light",23,"lightform"
"gold lights",23,"lightform"
"horizontal lights",23,"lightform"
"silent light",23,"lightform"
"landing lights",22,"lightform"
"steady light",22,"lightform"
"type light",22,"lightform"
"fast light",21,"lightform"
"unusual light",21,"lightform"
"bluish light",20,"lightform"
"unexplained lights",20,"lightform"
"center light",19,"lightform"
"reddish light",19,"lightform"
"running lights",19,"lightform"
"star light",19,"lightform"
"floating lights",18,"lightform"
"odd lights",18,"lightform"
"city lights",17,"lightform"
"intense light",17,"lightform"
"mysterious lights",17,"lightform"
"orangish lights",17,"lightform"
"rectangular lights",17,"lightform"
"shape lights",17,"lightform"
"spinning lights",17,"lightform"
"advertising light",16,"lightform"
"colorful lights",16,"lightform"
"huge light",16,"lightform"
"pink light",16,"lightform"
"purple light",16,"lightform"
"type lights",16,"lightform"
"unexplained light",16,"lightform"
"unknown light",16,"lightform"
"golden light",15,"lightform"
"oval lights",15,"lightform"
"twinkling lights",15,"lightform"
"unknown lights",15,"lightform"
"weird lights",15,"lightform"
"yellowish lights",15,"lightform"
"circle light",14,"lightform"
"circle lights",14,"lightform"
"color light",14,"lightform"
"golden lights",14,"lightform"
"orangish light",14,"lightform"
"orb light",14,"lightform"
"purple lights",14,"lightform"
"search light",14,"lightform"
"sized light",14,"lightform"
"street lights",14,"lightform"
"twinkling light",14,"lightform"
"weird light",14,"lightform"
"emitting light",13,"lightform"
"faint lights",13,"lightform"
"greenish light",13,"lightform"
"mysterious light",13,"lightform"
"revolving lights",13,"lightform"
"steady lights",13,"lightform"
"unidentified lights",13,"lightform"
"aircraft lights",12,"lightform"
"dancing light",12,"lightform"
"floating light",12,"lightform"
"head lights",12,"lightform"
"huge lights",12,"lightform"
"multicolored light",12,"lightform"
"northern lights",12,"lightform"
"object light",12,"lightform"
"odd light",12,"lightform"
"silent lights",12,"lightform"
"solid lights",12,"lightform"
"airplane lights",11,"lightform"
"brilliant lights",11,"lightform"
"faint light",11,"lightform"
"neon light",11,"lightform"
"redish lights",11,"lightform"
"separate lights",11,"lightform"
"silver light",11,"lightform"
"sky light",11,"lightform"
"square lights",11,"lightform"
"stop light",11,"lightform"
"triangle light",11,"lightform"
"44no lights",10,"lightform"
"altitude light",10,"lightform"
"blinding light",10,"lightform"
"flash light",10,"lightform"
"greenish lights",10,"lightform"
"navigation lights",10,"lightform"
"shining light",10,"lightform"
"sky lights",10,"lightform"
"tiny lights",10,"lightform"
"traffic light",10,"lightform"
"zagging light",10,"lightform"
"39s light",9,"lightform"
"39s lights",9,"lightform"
"blueish light",9,"lightform"
"brightest light",9,"lightform"
"circling lights",9,"lightform"
"distinct lights",9,"lightform"
"falling light",9,"lightform"
"fast lights",9,"lightform"
"fireball light",9,"lightform"
"fireball lights",9,"lightform"
"hazy light",9,"lightform"
"landing light",9,"lightform"
"nav lights",9,"lightform"
"neon lights",9,"lightform"
"peculiar lights",9,"lightform"
"rectangular light",9,"lightform"
"sparkling lights",9,"lightform"
"spot lights",9,"lightform"
"streaking light",9,"lightform"
"vertical lights",9,"lightform"
"ball light",8,"lightform"
"disappearing lights",8,"lightform"
"firey light",8,"lightform"
"flash lights",8,"lightform"
"formation lights",8,"lightform"
"multicolor lights",8,"lightform"
"orb lights",8,"lightform"
"parallel lights",8,"lightform"
"rectangle lights",8,"lightform"
"shimmering light",8,"lightform"
"spherical lights",8,"lightform"
"street light",8,"lightform"
"traveling light",8,"lightform"
"44white lights",7,"lightform"
"alternating lights",7,"lightform"
"bight light",7,"lightform"
"bluish lights",7,"lightform"
"brite light",7,"lightform"
"diamond light",7,"lightform"
"distant light",7,"lightform"
"dull lights",7,"lightform"
"fiery lights",7,"lightform"
"larger light",7,"lightform"
"laser light",7,"lightform"
"light lights",7,"lightform"
"observed light",7,"lightform"
"pinkish light",7,"lightform"
"rotating light",7,"lightform"
"sphere light",7,"lightform"
"sun light",7,"lightform"
"whitish light",7,"lightform"
"brights lights",6,"lightform"
"burning light",6,"lightform"
"car lights",6,"lightform"
"colorful light",6,"lightform"
"distant lights",6,"lightform"
"erratic light",6,"lightform"
"fading lights",6,"lightform"
"fluorescent light",6,"lightform"
"hazy lights",6,"lightform"
"marker lights",6,"lightform"
"multi light",6,"lightform"
"multiple light",6,"lightform"
"numerous lights",6,"lightform"
"pink lights",6,"lightform"
"redish light",6,"lightform"
"search lights",6,"lightform"
"shooting light",6,"lightform"
"strong light",6,"lightform"
"translucent light",6,"lightform"
"turquoise light",6,"lightform"
"unblinking lights",6,"lightform"
"unidentified light",6,"lightform"
"altitude lights",5,"lightform"
"blueish lights",5,"lightform"
"brightest lights",5,"lightform"
"brite lights",5,"lightform"
"central light",5,"lightform"
"chasing lights",5,"lightform"
"craft lights",5,"lightform"
"fire light",5,"lightform"
"fire lights",5,"lightform"
"individual lights",5,"lightform"
"intense lights",5,"lightform"
"light light",5,"lightform"
"lights lights",5,"lightform"
"luminous light",5,"lightform"
"motionless light",5,"lightform"
"navigational lights",5,"lightform"
"object lights",5,"lightform"
"pattern lights",5,"lightform"
"plane lights",5,"lightform"
"rainbow lights",5,"lightform"
"random lights",5,"lightform"
"shimmering lights",5,"lightform"
"size light",5,"lightform"
"size lights",5,"lightform"
"sized lights",5,"lightform"
"slow light",5,"lightform"
"sparkling light",5,"lightform"
"speed light",5,"lightform"
"speeding light",5,"lightform"
"star lights",5,"lightform"
"starlike light",5,"lightform"
"starlike lights",5,"lightform"
"synchronized lights",5,"lightform"
"tail lights",5,"lightform"
"trailing light",5,"lightform"
"visible light",5,"lightform"
"whitish lights",5,"lightform"
"zigzagging light",5,"lightform"
"3rd light",4,"lightform"
"4th light",4,"lightform"
"aircraft light",4,"lightform"
"airplane light",4,"lightform"
"arc light",4,"lightform"
"beaming light",4,"lightform"
"birght light",4,"lightform"
"bizarre lights",4,"lightform"
"christmas lights",4,"lightform"
"connected lights",4,"lightform"
"constant light",4,"lightform"
"cylinder light",4,"lightform"
"cylindrical lights",4,"lightform"
"darting light",4,"lightform"
"dimmed lights",4,"lightform"
"disappearing light",4,"lightform"
"elongated light",4,"lightform"
"fading light",4,"lightform"
"flood light",4,"lightform"
"fourth light",4,"lightform"
"front lights",4,"lightform"
"illuminating light",4,"lightform"
"ish light",4,"lightform"
"larger lights",4,"lightform"
"led light",4,"lightform"
"looked light",4,"lightform"
"main light",4,"lightform"
"mini lights",4,"lightform"
"motionless lights",4,"lightform"
"mystery light",4,"lightform"
"nocturnal lights",4,"lightform"
"noticed light",4,"lightform"
"noticed lights",4,"lightform"
"objects lights",4,"lightform"
"orangeish lights",4,"lightform"
"orbiting lights",4,"lightform"
"oscillating lights",4,"lightform"
"peculiar light",4,"lightform"
"pinpoint lights",4,"lightform"
"reflected light",4,"lightform"
"revolving light",4,"lightform"
"seperate lights",4,"lightform"
"spaced lights",4,"lightform"
"speed lights",4,"lightform"
"spinning light",4,"lightform"
"swirling light",4,"lightform"
"ten lights",4,"lightform"
"tiny light",4,"lightform"
"traveling lights",4,"lightform"
"twin lights",4,"lightform"
"unexplainable lights",4,"lightform"
"unidentifiable lights",4,"lightform"
"visible lights",4,"lightform"
"watched light",4,"lightform"
"whites lights",4,"lightform"
"wing lights",4,"lightform"
"44blue lights",3,"lightform"
"44red lights",3,"lightform"
"44with lights",3,"lightform"
"appearing lights",3,"lightform"
"beacon light",3,"lightform"
"bight lights",3,"lightform"
"blinding lights",3,"lightform"
"bobbing light",3,"lightform"
"brighter light",3,"lightform"
"candle light",3,"lightform"
"close lights",3,"lightform"
"constant lights",3,"lightform"
"crazy light",3,"lightform"
"darting lights",3,"lightform"
"diameter light",3,"lightform"
"diamond lights",3,"lightform"
"dome light",3,"lightform"
"dual lights",3,"lightform"
"east lights",3,"lightform"
"elliptical lights",3,"lightform"
"emanating light",3,"lightform"
"erratic lights",3,"lightform"
"fiery light",3,"lightform"
"flaming lights",3,"lightform"
"fuzzy lights",3,"lightform"
"ground light",3,"lightform"
"horizontal light",3,"lightform"
"hour light",3,"lightform"
"infrared light",3,"lightform"
"ish lights",3,"lightform"
"laser lights",3,"lightform"
"lights light",3,"lightform"
"lit light",3,"lightform"
"lit lights",3,"lightform"
"main lights",3,"lightform"
"maneuvering lights",3,"lightform"
"moon light",3,"lightform"
"mulitple lights",3,"lightform"
"mystery lights",3,"lightform"
"oblong light",3,"lightform"
"orbs lights",3,"lightform"
"oscillating light",3,"lightform"
"overhead lights",3,"lightform"
"park lights",3,"lightform"
"police lights",3,"lightform"
"reappearing lights",3,"lightform"
"rectangle light",3,"lightform"
"reflecting light",3,"lightform"
"running light",3,"lightform"
"scanning light",3,"lightform"
"shiny lights",3,"lightform"
"similar light",3,"lightform"
"singular light",3,"lightform"
"sphere lights",3,"lightform"
"stadium lights",3,"lightform"
"stange light",3,"lightform"
"stationery light",3,"lightform"
"stobe lights",3,"lightform"
"strage lights",3,"lightform"
"streaming light",3,"lightform"
"tail light",3,"lightform"
"tailed light",3,"lightform"
"teardrop light",3,"lightform"
"tinted lights",3,"lightform"
"top light",3,"lightform"
"total lights",3,"lightform"
"unmoving light",3,"lightform"
"unusal lights",3,"lightform"
"vertical light",3,"lightform"
"violet light",3,"lightform"
"wide light",3,"lightform"
"wierd lights",3,"lightform"
"wobbly light",3,"lightform"
"zigzaging light",3,"lightform"
"2nd light",2,"lightform"
"3red lights",2,"lightform"
"44amber lights",2,"lightform"
"44blue light",2,"lightform"
"44bright light",2,"lightform"
"44green lights",2,"lightform"
"44the light",2,"lightform"
"44white light",2,"lightform"
"accompanying lights",2,"lightform"
"additional lights",2,"lightform"
"adv lights",2,"lightform"
"aerial lights",2,"lightform"
"amp light",2,"lightform"
"amp lights",2,"lightform"
"animated lights",2,"lightform"
"anomalous light",2,"lightform"
"anouther light",2,"lightform"
"apparent light",2,"lightform"
"appearing light",2,"lightform"
"arizona lights",2,"lightform"
"ascending light",2,"lightform"
"ascending lights",2,"lightform"
"auburn lights",2,"lightform"
"aviation lights",2,"lightform"
"ball lights",2,"lightform"
"beacon lights",2,"lightform"
"beam light",2,"lightform"
"beaming lights",2,"lightform"
"beautiful light",2,"lightform"
"beautiful lights",2,"lightform"
"belly lights",2,"lightform"
"bigger light",2,"lightform"
"bizarre light",2,"lightform"
"bliking lights",2,"lightform"
"bluegreen light",2,"lightform"
"blurry light",2,"lightform"
"blurry lights",2,"lightform"
"bouncing lights",2,"lightform"
"brigh light",2,"lightform"
"brighter lights",2,"lightform"
"brightly light",2,"lightform"
"brigth light",2,"lightform"
"bue lights",2,"lightform"
"bule light",2,"lightform"
"burning lights",2,"lightform"
"camera lights",2,"lightform"
"cast light",2,"lightform"
"center lights",2,"lightform"
"chaser lights",2,"lightform"
"circulating lights",2,"lightform"
"city light",2,"lightform"
"cloudy light",2,"lightform"
"collision lights",2,"lightform"
"corner lights",2,"lightform"
"craft light",2,"lightform"
"crazy lights",2,"lightform"
"defined light",2,"lightform"
"diffuse light",2,"lightform"
"dimmer lights",2,"lightform"
"dimming light",2,"lightform"
"directional lights",2,"lightform"
"disco light",2,"lightform"
"disk light",2,"lightform"
"disk lights",2,"lightform"
"drifting light",2,"lightform"
"dull light",2,"lightform"
"east light",2,"lightform"
"emits light",2,"lightform"
"emitted light",2,"lightform"
"energy light",2,"lightform"
"exploding light",2,"lightform"
"extreme light",2,"lightform"
"faa lights",2,"lightform"
"falling lights",2,"lightform"
"field lights",2,"lightform"
"firey lights",2,"lightform"
"flahing lights",2,"lightform"
"flair light",2,"lightform"
"flaming light",2,"lightform"
"flashed lights",2,"lightform"
"flashes light",2,"lightform"
"flashes lights",2,"lightform"
"flashy lights",2,"lightform"
"flasing lights",2,"lightform"
"flat lights",2,"lightform"
"flood lights",2,"lightform"
"flourescent light",2,"lightform"
"fluorescent lights",2,"lightform"
"focused light",2,"lightform"
"front light",2,"lightform"
"fuzzy light",2,"lightform"
"giant light",2,"lightform"
"gigantic light",2,"lightform"
"globe light",2,"lightform"
"glow light",2,"lightform"
"ground lights",2,"lightform"
"haze light",2,"lightform"
"hoax lights",2,"lightform"
"hundred lights",2,"lightform"
"illuminated light",2,"lightform"
"illuminating lights",2,"lightform"
"incredible light",2,"lightform"
"intence light",2,"lightform"
"jet lights",2,"lightform"
"lazer light",2,"lightform"
"lead light",2,"lightform"
"left light",2,"lightform"
"lots lights",2,"lightform"
"low light",2,"lightform"
"low lights",2,"lightform"
"lower lights",2,"lightform"
"luminescent lights",2,"lightform"
"luminous lights",2,"lightform"
"maneuvering light",2,"lightform"
"marking lights",2,"lightform"
"massive light",2,"lightform"
"meteor lights",2,"lightform"
"middle light",2,"lightform"
"morphing light",2,"lightform"
"natural light",2,"lightform"
"nav light",2,"lightform"
"neighborhood lights",2,"lightform"
"night lights",2,"lightform"
"noiseless lights",2,"lightform"
"normal lights",2,"lightform"
"nose light",2,"lightform"
"nose lights",2,"lightform"
"objects light",2,"lightform"
"observed lights",2,"lightform"
"obvious light",2,"lightform"
"orangeish light",2,"lightform"
"oranges lights",2,"lightform"
"orangle lights",2,"lightform"
"orbital light",2,"lightform"
"organge light",2,"lightform"
"original light",2,"lightform"
"outer light",2,"lightform"
"outer lights",2,"lightform"
"pale light",2,"lightform"
"patterned lights",2,"lightform"
"peach light",2,"lightform"
"perimeter lights",2,"lightform"
"phoenix light",2,"lightform"
"phx lights",2,"lightform"
"pinkish lights",2,"lightform"
"plane light",2,"lightform"
"positioned lights",2,"lightform"
"prism light",2,"lightform"
"pure light",2,"lightform"
"puslating lights",2,"lightform"
"quick light",2,"lightform"
"quiet light",2,"lightform"
"radiating light",2,"lightform"
"radiating lights",2,"lightform"
"random light",2,"lightform"
"range lights",2,"lightform"
"rounded light",2,"lightform"
"saucer lights",2,"lightform"
"separate light",2,"lightform"
"separated lights",2,"lightform"
"sequential lights",2,"lightform"
"shifting light",2,"lightform"
"shifting lights",2,"lightform"
"shined light",2,"lightform"
"shines light",2,"lightform"
"shiny light",2,"lightform"
"shooting lights",2,"lightform"
"short light",2,"lightform"
"silvery light",2,"lightform"
"similar lights",2,"lightform"
"singular lights",2,"lightform"
"skipping lights",2,"lightform"
"slow lights",2,"lightform"
"sodium light",2,"lightform"
"soft light",2,"lightform"
"sound lights",2,"lightform"
"soundless light",2,"lightform"
"soundless lights",2,"lightform"
"source light",2,"lightform"
"spectacular lights",2,"lightform"
"speeding lights",2,"lightform"
"square light",2,"lightform"
"stange lights",2,"lightform"
"starburst light",2,"lightform"
"stat light",2,"lightform"
"strang lights",2,"lightform"
"streaking lights",2,"lightform"
"strobbing lights",2,"lightform"
"subdued lights",2,"lightform"
"suspended lights",2,"lightform"
"sweeping light",2,"lightform"
"swirling lights",2,"lightform"
"texas light",2,"lightform"
"tower light",2,"lightform"
"traffic lights",2,"lightform"
"translucent lights",2,"lightform"
"transluscent light",2,"lightform"
"transparent light",2,"lightform"
"tubular lights",2,"lightform"
"turqoise light",2,"lightform"
"turquoise lights",2,"lightform"
"twenty lights",2,"lightform"
"unblinking light",2,"lightform"
"underwater light",2,"lightform"
"underwater lights",2,"lightform"
"undulating light",2,"lightform"
"unexplainable light",2,"lightform"
"unidentifiable light",2,"lightform"
"unnatural light",2,"lightform"
"utah light",2,"lightform"
"valley light",2,"lightform"
"vanishing light",2,"lightform"
"vegas lights",2,"lightform"
"violet lights",2,"lightform"
"watched lights",2,"lightform"
"wavering light",2,"lightform"
"whit light",2,"lightform"
"whit lights",2,"lightform"
"wierd light",2,"lightform"
"winking light",2,"lightform"
"witness light",2,"lightform"
"2strange lights",1,"lightform"
"2white lights",1,"lightform"
"3bright lights",1,"lightform"
"3green lights",1,"lightform"
"44around light",1,"lightform"
"44blmulticolored lights",1,"lightform"
"44bright lights",1,"lightform"
"44brilliant light",1,"lightform"
"44ca light",1,"lightform"
"44circular light",1,"lightform"
"44flashing lights",1,"lightform"
"44gold lights",1,"lightform"
"44horizontal lights",1,"lightform"
"44michigan light",1,"lightform"
"44middle light",1,"lightform"
"44no light",1,"lightform"
"44observed light",1,"lightform"
"44orange light",1,"lightform"
"44orange lights",1,"lightform"
"44pink lights",1,"lightform"
"44pulsing lights",1,"lightform"
"44red light",1,"lightform"
"44reddish lights",1,"lightform"
"44rotateing light",1,"lightform"
"44search lights",1,"lightform"
"44silent light",1,"lightform"
"44stretching light",1,"lightform"
"44strobe lights",1,"lightform"
"44the lights",1,"lightform"
"44three lights",1,"lightform"
"44yellowish light",1,"lightform"
"6orange lights",1,"lightform"
"a.m lights",1,"lightform"
"abnormal lights",1,"lightform"
"accelerating light",1,"lightform"
"acrobatic light",1,"lightform"
"activity light",1,"lightform"
"additional light",1,"lightform"
"admitted light",1,"lightform"
"adv light",1,"lightform"
"advanced light",1,"lightform"
"aerial light",1,"lightform"
"aflashing light",1,"lightform"
"air lights",1,"lightform"
"algonac lights",1,"lightform"
"aligned lights",1,"lightform"
"alot light",1,"lightform"
"alt light",1,"lightform"
"aluminating lights",1,"lightform"
"amazing light",1,"lightform"
"amazing lights",1,"lightform"
"ambers lights",1,"lightform"
"amphibious light",1,"lightform"
"angle lights",1,"lightform"
"anomalious lights",1,"lightform"
"anomalous lights",1,"lightform"
"anomlous lights",1,"lightform"
"anomolus light",1,"lightform"
"apartment lights",1,"lightform"
"apinkish light",1,"lightform"
"appearance light",1,"lightform"
"approaching light",1,"lightform"
"aqua light",1,"lightform"
"arching light",1,"lightform"
"arcing light",1,"lightform"
"arial light",1,"lightform"
"arranged lights",1,"lightform"
"asterisk lights",1,"lightform"
"atlanta lights",1,"lightform"
"attached lights",1,"lightform"
"awe light",1,"lightform"
"awesome light",1,"lightform"
"azusa lights",1,"lightform"
"backyard lights",1,"lightform"
"balloon lights",1,"lightform"
"bar lights",1,"lightform"
"barn lights",1,"lightform"
"base lights",1,"lightform"
"basically lights",1,"lightform"
"bay.the light",1,"lightform"
"beach lights",1,"lightform"
"beam lights",1,"lightform"
"beamed lights",1,"lightform"
"beamin lights",1,"lightform"
"beams lights",1,"lightform"
"befor light",1,"lightform"
"behaving light",1,"lightform"
"behaving lights",1,"lightform"
"bellowing lights",1,"lightform"
"bend light",1,"lightform"
"bending light",1,"lightform"
"bent light",1,"lightform"
"bethlehem light",1,"lightform"
"bights lights",1,"lightform"
"black light",1,"lightform"
"blade lights",1,"lightform"
"blazing light",1,"lightform"
"blending lights",1,"lightform"
"bliding light",1,"lightform"
"blinked lights",1,"lightform"
"blinkings lights",1,"lightform"
"blipping light",1,"lightform"
"blob lights",1,"lightform"
"blocks light",1,"lightform"
"blues lights",1,"lightform"
"bluesh light",1,"lightform"
"blur light",1,"lightform"
"blurred lights",1,"lightform"
"blus light",1,"lightform"
"bottom light",1,"lightform"
"bottom lights",1,"lightform"
"bouncing light",1,"lightform"
"braintree light",1,"lightform"
"brake lights",1,"lightform"
"briefly lights",1,"lightform"
"brightblue light",1,"lightform"
"brightist light",1,"lightform"
"brignt light",1,"lightform"
"brillant light",1,"lightform"
"brillant lights",1,"lightform"
"brillient light",1,"lightform"
"britly light",1,"lightform"
"britter light",1,"lightform"
"broad light",1,"lightform"
"bronze light",1,"lightform"
"bronze lights",1,"lightform"
"brown lights",1,"lightform"
"brownish lights",1,"lightform"
"bulging light",1,"lightform"
"burgund lights",1,"lightform"
"buring lights",1,"lightform"
"buzzing light",1,"lightform"
"cap lights",1,"lightform"
"capitol lights",1,"lightform"
"captured lights",1,"lightform"
"casting light",1,"lightform"
"ceiling lights",1,"lightform"
"celestial light",1,"lightform"
"cell lights",1,"lightform"
"change lights",1,"lightform"
"changed light",1,"lightform"
"changin lights",1,"lightform"
"chased light",1,"lightform"
"chased lights",1,"lightform"
"chasing light",1,"lightform"
"chem light",1,"lightform"
"chevron lights",1,"lightform"
"chicago light",1,"lightform"
"christmass lights",1,"lightform"
"chrome light",1,"lightform"
"cicular lights",1,"lightform"
"cicularobject light",1,"lightform"
"cicurlar light",1,"lightform"
"cingular light",1,"lightform"
"circling light",1,"lightform"
"circlulating lights",1,"lightform"
"circuler lights",1,"lightform"
"circumfrances lights",1,"lightform"
"cirle lights",1,"lightform"
"class lights",1,"lightform"
"clean light",1,"lightform"
"clearence lights",1,"lightform"
"climbing light",1,"lightform"
"cloaked lights",1,"lightform"
"cloud light",1,"lightform"
"clouds.the light",1,"lightform"
"cluster lights",1,"lightform"
"coded lights",1,"lightform"
"cohesive lights",1,"lightform"
"colerd light",1,"lightform"
"colerd lights",1,"lightform"
"colered light",1,"lightform"
"colered lights",1,"lightform"
"colision lights",1,"lightform"
"collored lights",1,"lightform"
"colorchangin light",1,"lightform"
"coloreds lights",1,"lightform"
"coloured light",1,"lightform"
"coloured lights",1,"lightform"
"combined lights",1,"lightform"
"companion light",1,"lightform"
"companion lights",1,"lightform"
"complex light",1,"lightform"
"concentrated lights",1,"lightform"
"condensed light",1,"lightform"
"configuration lights",1,"lightform"
"conical light",1,"lightform"
"connecticut light",1,"lightform"
"consitant light",1,"lightform"
"conspicuous lights",1,"lightform"
"constant.the lights",1,"lightform"
"constatnt lights",1,"lightform"
"contained light",1,"lightform"
"continuous light",1,"lightform"
"controlled light",1,"lightform"
"copper light",1,"lightform"
"copper lights",1,"lightform"
"core light",1,"lightform"
"corners lights",1,"lightform"
"correcting lights",1,"lightform"
"county light",1,"lightform"
"crafts light",1,"lightform"
"crafts lights",1,"lightform"
"cream light",1,"lightform"
"creating light",1,"lightform"
"crescent light",1,"lightform"
"crescent lights",1,"lightform"
"cresent light",1,"lightform"
"crimson light",1,"lightform"
"crisp light",1,"lightform"
"crossbuck lights",1,"lightform"
"crossing lights",1,"lightform"
"cruces lights",1,"lightform"
"crystalline light",1,"lightform"
"curcular light",1,"lightform"
"curious lights",1,"lightform"
"cycling lights",1,"lightform"
"cylindrical light",1,"lightform"
"dacing lights",1,"lightform"
"dark lights",1,"lightform"
"dashboard lights",1,"lightform"
"dashes lights",1,"lightform"
"daylight lights",1,"lightform"
"daytime light",1,"lightform"
"daytime lights",1,"lightform"
"dazzling light",1,"lightform"
"dazzling lights",1,"lightform"
"deck light",1,"lightform"
"defracting lights",1,"lightform"
"density light",1,"lightform"
"descending light",1,"lightform"
"descending lights",1,"lightform"
"diagonal lights",1,"lightform"
"differant lights",1,"lightform"
"diffrent lights",1,"lightform"
"difused light",1,"lightform"
"dimmed light",1,"lightform"
"dimming lights",1,"lightform"
"dimmish lights",1,"lightform"
"dimond light",1,"lightform"
"dimond lights",1,"lightform"
"din lights",1,"lightform"
"directed light",1,"lightform"
"directions light",1,"lightform"
"disapearing light",1,"lightform"
"disapparing lights",1,"lightform"
"disc lights",1,"lightform"
"disintegrating light",1,"lightform"
"display light",1,"lightform"
"disseappearing lights",1,"lightform"
"distinguishable lights",1,"lightform"
"distorted lights",1,"lightform"
"ditinct light",1,"lightform"
"dividing lights",1,"lightform"
"diving light",1,"lightform"
"dogfighting lights",1,"lightform"
"dome lights",1,"lightform"
"dominant lights",1,"lightform"
"dot light",1,"lightform"
"dotted lights",1,"lightform"
"double light",1,"lightform"
"double lights",1,"lightform"
"downtown light",1,"lightform"
"dozen lights",1,"lightform"
"dozon lights",1,"lightform"
"dripping light",1,"lightform"
"driving lights",1,"lightform"
"drop lights",1,"lightform"
"dropping lights",1,"lightform"
"duplicating lights",1,"lightform"
"dwelling lights",1,"lightform"
"earthquake light",1,"lightform"
"eastward light",1,"lightform"
"effect lights",1,"lightform"
"egg lights",1,"lightform"
"electrical light",1,"lightform"
"elongated lights",1,"lightform"
"eluminating light",1,"lightform"
"emanated light",1,"lightform"
"emanates light",1,"lightform"
"emeraldgreen light",1,"lightform"
"emergency light",1,"lightform"
"emited light",1,"lightform"
"emiting light",1,"lightform"
"emits lights",1,"lightform"
"emitting lights",1,"lightform"
"emmiting light",1,"lightform"
"emmitting light",1,"lightform"
"enormous light",1,"lightform"
"enormous lights",1,"lightform"
"eratic lights",1,"lightform"
"ese lights",1,"lightform"
"estrange light",1,"lightform"
"eve lights",1,"lightform"
"evening light",1,"lightform"
"explainable lights",1,"lightform"
"explosions light",1,"lightform"
"explosive light",1,"lightform"
"expressway lights",1,"lightform"
"extinguish light",1,"lightform"
"eye lights",1,"lightform"
"faceted lights",1,"lightform"
"facing light",1,"lightform"
"fadeing light",1,"lightform"
"fainter lights",1,"lightform"
"fanning light",1,"lightform"
"fascinating lights",1,"lightform"
"feet light",1,"lightform"
"ferriswheel lights",1,"lightform"
"ffa lights",1,"lightform"
"fient light",1,"lightform"
"fifteen lights",1,"lightform"
"fighting lights",1,"lightform"
"filtered lights",1,"lightform"
"firealls light",1,"lightform"
"firelike light",1,"lightform"
"firely light",1,"lightform"
"firery lights",1,"lightform"
"firetruck lights",1,"lightform"
"fireworks lights",1,"lightform"
"firing light",1,"lightform"
"fixed lights",1,"lightform"
"flahing light",1,"lightform"
"flahsing lights",1,"lightform"
"flame lights",1,"lightform"
"flameing lights",1,"lightform"
"flare lights",1,"lightform"
"flaring light",1,"lightform"
"flaring lights",1,"lightform"
"flashesof light",1,"lightform"
"flashiing lights",1,"lightform"
"flashings lights",1,"lightform"
"flashinng light",1,"lightform"
"flashy light",1,"lightform"
"flat light",1,"lightform"
"flicker lights",1,"lightform"
"flickered lights",1,"lightform"
"flicking light",1,"lightform"
"flicking lights",1,"lightform"
"florecent light",1,"lightform"
"floresent light",1,"lightform"
"florida light",1,"lightform"
"florscent lights",1,"lightform"
"flourescent lights",1,"lightform"
"flourscent light",1,"lightform"
"flshing lights",1,"lightform"
"fluorcent lights",1,"lightform"
"fluttering light",1,"lightform"
"fluxuating light",1,"lightform"
"fly lights",1,"lightform"
"foggy light",1,"lightform"
"follow light",1,"lightform"
"foreign lights",1,"lightform"
"formed lights",1,"lightform"
"forms light",1,"lightform"
"forward lights",1,"lightform"
"frankfort lights",1,"lightform"
"freaky lights",1,"lightform"
"freeway light",1,"lightform"
"freeway lights",1,"lightform"
"frequent lights",1,"lightform"
"frequently lights",1,"lightform"
"frogging lights",1,"lightform"
"frosty lights",1,"lightform"
"fuchsia lights",1,"lightform"
"gaseous lights",1,"lightform"
"gaslike lights",1,"lightform"
"geen light",1,"lightform"
"gelaming light",1,"lightform"
"geting light",1,"lightform"
"ghostly lights",1,"lightform"
"giant lights",1,"lightform"
"gilbert light",1,"lightform"
"gliding light",1,"lightform"
"gliding lights",1,"lightform"
"glimering lights",1,"lightform"
"glimmering light",1,"lightform"
"glittering lights",1,"lightform"
"glitterly light",1,"lightform"
"globular lights",1,"lightform"
"goin light",1,"lightform"
"goldish lights",1,"lightform"
"gray light",1,"lightform"
"greel light",1,"lightform"
"greenleaf light",1,"lightform"
"greyish lights",1,"lightform"
"hair light",1,"lightform"
"half light",1,"lightform"
"halloween lights",1,"lightform"
"halo lights",1,"lightform"
"haloed lights",1,"lightform"
"halogen light",1,"lightform"
"halogen lights",1,"lightform"
"hanging light",1,"lightform"
"hanging lights",1,"lightform"
"harbor light",1,"lightform"
"hazed lights",1,"lightform"
"head light",1,"lightform"
"heat light",1,"lightform"
"height light",1,"lightform"
"height lights",1,"lightform"
"helicopter lights",1,"lightform"
"hight lights",1,"lightform"
"hiway lights",1,"lightform"
"hoovering light",1,"lightform"
"hoovering lights",1,"lightform"
"horizon light",1,"lightform"
"horizon lights",1,"lightform"
"hotel light",1,"lightform"
"hours light",1,"lightform"
"house lights",1,"lightform"
"housing lights",1,"lightform"
"hover lights",1,"lightform"
"hoving light",1,"lightform"
"hub light",1,"lightform"
"hugh light",1,"lightform"
"ident lights",1,"lightform"
"identical lights",1,"lightform"
"identified lights",1,"lightform"
"identifier lights",1,"lightform"
"illinois lights",1,"lightform"
"illuminous light",1,"lightform"
"imense light",1,"lightform"
"immense light",1,"lightform"
"immense lights",1,"lightform"
"incandescent light",1,"lightform"
"increasing light",1,"lightform"
"indep lights",1,"lightform"
"independent lights",1,"lightform"
"indescribble light",1,"lightform"
"indianapolis lights",1,"lightform"
"indicator lights",1,"lightform"
"indistinguishable light",1,"lightform"
"indiviadual light",1,"lightform"
"infrared lights",1,"lightform"
"inlaid lights",1,"lightform"
"insane lights",1,"lightform"
"instant light",1,"lightform"
"instantly lights",1,"lightform"
"intelligent light",1,"lightform"
"intensifying lights",1,"lightform"
"intensity lights",1,"lightform"
"intermittant light",1,"lightform"
"internal light",1,"lightform"
"intersecting lights",1,"lightform"
"investigate light",1,"lightform"
"investigated light",1,"lightform"
"involving light",1,"lightform"
"irane light",1,"lightform"
"irratically light",1,"lightform"
"irregular lights",1,"lightform"
"irridescent light",1,"lightform"
"jersey light",1,"lightform"
"joined lights",1,"lightform"
"jumping light",1,"lightform"
"jumping lights",1,"lightform"
"jutting light",1,"lightform"
"kaleidoscope lights",1,"lightform"
"lacked lights",1,"lightform"
"lager light",1,"lightform"
"lamp light",1,"lightform"
"largest light",1,"lightform"
"lawn lights",1,"lightform"
"leading light",1,"lightform"
"leaves light",1,"lightform"
"leaving light",1,"lightform"
"led lights",1,"lightform"
"length lights",1,"lightform"
"leo light",1,"lightform"
"lesser light",1,"lightform"
"level light",1,"lightform"
"lewisville lights",1,"lightform"
"lights.two lights",1,"lightform"
"line light",1,"lightform"
"line lights",1,"lightform"
"linear light",1,"lightform"
"linear lights",1,"lightform"
"littles lights",1,"lightform"
"lonely light",1,"lightform"
"lot lights",1,"lightform"
"loving light",1,"lightform"
"lower light",1,"lightform"
"lubbock lights",1,"lightform"
"luminating light",1,"lightform"
"luminating lights",1,"lightform"
"luminescent light",1,"lightform"
"luminiscent lights",1,"lightform"
"luminocity light",1,"lightform"
"lunock light",1,"lightform"
"magenta light",1,"lightform"
"magenta lights",1,"lightform"
"magnitude light",1,"lightform"
"maine light",1,"lightform"
"major lights",1,"lightform"
"manuevering lights",1,"lightform"
"marfa lights",1,"lightform"
"maricopa lights",1,"lightform"
"markers lights",1,"lightform"
"maroon lights",1,"lightform"
"mathimatical lights",1,"lightform"
"matialic light",1,"lightform"
"mercurial lights",1,"lightform"
"metalic light",1,"lightform"
"metallic lights",1,"lightform"
"meters lights",1,"lightform"
"mexico light",1,"lightform"
"midnight light",1,"lightform"
"migrating light",1,"lightform"
"miles light",1,"lightform"
"milford light",1,"lightform"
"miniture light",1,"lightform"
"mins light",1,"lightform"
"misterious lights",1,"lightform"
"modesto lights",1,"lightform"
"moon lights",1,"lightform"
"moon.the lights",1,"lightform"
"morning light",1,"lightform"
"morning lights",1,"lightform"
"mountain lights",1,"lightform"
"mountains.the light",1,"lightform"
"moveing light",1,"lightform"
"movements light",1,"lightform"
"movings lights",1,"lightform"
"mph light",1,"lightform"
"msty light",1,"lightform"
"mtn lights",1,"lightform"
"mulitcolored lights",1,"lightform"
"multi lights",1,"lightform"
"multicolered light",1,"lightform"
"multicolor light",1,"lightform"
"muticolored lights",1,"lightform"
"mysteriose lights",1,"lightform"
"mysterius lights",1,"lightform"
"navigation light",1,"lightform"
"nebr lights",1,"lightform"
"nevada light",1,"lightform"
"nickel light",1,"lightform"
"nighttime lights",1,"lightform"
"nocturanal lights",1,"lightform"
"nocturnal light",1,"lightform"
"noiseless light",1,"lightform"
"noisless light",1,"lightform"
"nonblinking lights",1,"lightform"
"nonmoving light",1,"lightform"
"north light",1,"lightform"
"north.the light",1,"lightform"
"northern light",1,"lightform"
"note lights",1,"lightform"
"noted lights",1,"lightform"
"notice lights",1,"lightform"
"objectwith lights",1,"lightform"
"obvious lights",1,"lightform"
"occasional light",1,"lightform"
"ohio light",1,"lightform"
"ominous light",1,"lightform"
"opalic light",1,"lightform"
"opaque light",1,"lightform"
"opposing lights",1,"lightform"
"oragnge lights",1,"lightform"
"oranage lights",1,"lightform"
"orande lights",1,"lightform"
"orang light",1,"lightform"
"orangeishred light",1,"lightform"
"orangelike lights",1,"lightform"
"orangey light",1,"lightform"
"orangy light",1,"lightform"
"orbed lights",1,"lightform"
"orbish light",1,"lightform"
"orbish lights",1,"lightform"
"orbital lights",1,"lightform"
"orbiting light",1,"lightform"
"orbitting light",1,"lightform"
"orblike lights",1,"lightform"
"orbs light",1,"lightform"
"ord light",1,"lightform"
"orenge light",1,"lightform"
"organge lights",1,"lightform"
"organic light",1,"lightform"
"organic lights",1,"lightform"
"organized light",1,"lightform"
"orion light",1,"lightform"
"ornage lights",1,"lightform"
"other.second light",1,"lightform"
"outline lights",1,"lightform"
"ovular light",1,"lightform"
"p.m lights",1,"lightform"
"paced light",1,"lightform"
"paired lights",1,"lightform"
"pale lights",1,"lightform"
"palsing light",1,"lightform"
"paluseing lights",1,"lightform"
"panel lights",1,"lightform"
"panning light",1,"lightform"
"paralell light",1,"lightform"
"paralyzing light",1,"lightform"
"parrallel lights",1,"lightform"
"pattern light",1,"lightform"
"patterned light",1,"lightform"
"paused lights",1,"lightform"
"pecular light",1,"lightform"
"perfecct lights",1,"lightform"
"perfect lights",1,"lightform"
"perimiter lights",1,"lightform"
"peripheral lights",1,"lightform"
"perpendicular light",1,"lightform"
"persistent light",1,"lightform"
"pheonix lights",1,"lightform"
"phosphorous light",1,"lightform"
"photoflash light",1,"lightform"
"pinpoint light",1,"lightform"
"pinprick lights",1,"lightform"
"plain light",1,"lightform"
"planet light",1,"lightform"
"plant light",1,"lightform"
"plasma light",1,"lightform"
"plasma lights",1,"lightform"
"pole light",1,"lightform"
"police light",1,"lightform"
"porthole lights",1,"lightform"
"position lights",1,"lightform"
"possiblt light",1,"lightform"
"post light",1,"lightform"
"powerful light",1,"lightform"
"powerfull light",1,"lightform"
"primatic lights",1,"lightform"
"probe light",1,"lightform"
"produced light",1,"lightform"
"producing light",1,"lightform"
"pronounced light",1,"lightform"
"pulising lights",1,"lightform"
"pulsation lights",1,"lightform"
"pulsationg lights",1,"lightform"
"pulse light",1,"lightform"
"pulseating light",1,"lightform"
"purplish light",1,"lightform"
"pursue lights",1,"lightform"
"pusling light",1,"lightform"
"puyallup light",1,"lightform"
"quality light",1,"lightform"
"radial light",1,"lightform"
"radiant light",1,"lightform"
"radiate light",1,"lightform"
"radiated light",1,"lightform"
"railroad light",1,"lightform"
"raining lights",1,"lightform"
"raspberry lights",1,"lightform"
"rays light",1,"lightform"
"real lights",1,"lightform"
"rear light",1,"lightform"
"rearview lights",1,"lightform"
"recessed light",1,"lightform"
"recessed lights",1,"lightform"
"recognized light",1,"lightform"
"rectagler lights",1,"lightform"
"rectanglar light",1,"lightform"
"recurring light",1,"lightform"
"reflect light",1,"lightform"
"reflecting lights",1,"lightform"
"reflective light",1,"lightform"
"relecting light",1,"lightform"
"repeating light",1,"lightform"
"reported light",1,"lightform"
"reported lights",1,"lightform"
"resort lights",1,"lightform"
"retracting light",1,"lightform"
"retrograde lights",1,"lightform"
"return light",1,"lightform"
"rippled lights",1,"lightform"
"rising light",1,"lightform"
"river lights",1,"lightform"
"road light",1,"lightform"
"road lights",1,"lightform"
"roanoke light",1,"lightform"
"rolling lights",1,"lightform"
"rotated lights",1,"lightform"
"rotation light",1,"lightform"
"rotaton lights",1,"lightform"
"rounded lights",1,"lightform"
"roundish light",1,"lightform"
"rounds lights",1,"lightform"
"roving light",1,"lightform"
"row lights",1,"lightform"
"ruby light",1,"lightform"
"runner lights",1,"lightform"
"sacramento light",1,"lightform"
"sagged light",1,"lightform"
"satelite light",1,"lightform"
"satellite light",1,"lightform"
"sating lights",1,"lightform"
"scanner light",1,"lightform"
"scattered lights",1,"lightform"
"scooting light",1,"lightform"
"scope lights",1,"lightform"
"scrolling lights",1,"lightform"
"seattle lights",1,"lightform"
"secend light",1,"lightform"
"security light",1,"lightform"
"segmented light",1,"lightform"
"segmented lights",1,"lightform"
"separated light",1,"lightform"
"seperate light",1,"lightform"
"seperated lights",1,"lightform"
"sequence lights",1,"lightform"
"sequencing lights",1,"lightform"
"sequential light",1,"lightform"
"set lights",1,"lightform"
"shadowy light",1,"lightform"
"shadowy lights",1,"lightform"
"shage light",1,"lightform"
"shaking light",1,"lightform"
"shap light",1,"lightform"
"shaping lights",1,"lightform"
"shapped lights",1,"lightform"
"shaprd light",1,"lightform"
"sharp lights",1,"lightform"
"shimmered light",1,"lightform"
"shined lights",1,"lightform"
"shines lights",1,"lightform"
"shining lights",1,"lightform"
"shinning lights",1,"lightform"
"shone light",1,"lightform"
"shone lights",1,"lightform"
"shoots light",1,"lightform"
"shpaed light",1,"lightform"
"shrinking light",1,"lightform"
"shrinking lights",1,"lightform"
"shrouded lights",1,"lightform"
"sight lights",1,"lightform"
"sighted light",1,"lightform"
"signal light",1,"lightform"
"silver lights",1,"lightform"
"silverish light",1,"lightform"
"simular light",1,"lightform"
"single lights",1,"lightform"
"sky.the light",1,"lightform"
"slanted light",1,"lightform"
"slightly light",1,"lightform"
"sliver light",1,"lightform"
"soaring lights",1,"lightform"
"softest light",1,"lightform"
"softwhite light",1,"lightform"
"sound light",1,"lightform"
"sound.the lights",1,"lightform"
"south lights",1,"lightform"
"southeast lights",1,"lightform"
"southwest light",1,"lightform"
"southwest.one light",1,"lightform"
"sparking lights",1,"lightform"
"sparkler lights",1,"lightform"
"spere lights",1,"lightform"
"sperical lights",1,"lightform"
"spheric light",1,"lightform"
"spining lights",1,"lightform"
"spiraling light",1,"lightform"
"spiraling lights",1,"lightform"
"spirally light",1,"lightform"
"spirals lights",1,"lightform"
"splitting light",1,"lightform"
"spooky light",1,"lightform"
"sporadic light",1,"lightform"
"sporatic lights",1,"lightform"
"spots lights",1,"lightform"
"spotted light",1,"lightform"
"spread lights",1,"lightform"
"srobing lights",1,"lightform"
"sse lights",1,"lightform"
"staionary light",1,"lightform"
"staium lights",1,"lightform"
"standard lights",1,"lightform"
"stars lights",1,"lightform"
"starshaped light",1,"lightform"
"starsized light",1,"lightform"
"stationairy light",1,"lightform"
"stationery lights",1,"lightform"
"statiopnary lights",1,"lightform"
"steaking light",1,"lightform"
"steet light",1,"lightform"
"stobe light",1,"lightform"
"stobeing light",1,"lightform"
"stop lights",1,"lightform"
"stopped lights",1,"lightform"
"stopping light",1,"lightform"
"straight light",1,"lightform"
"stranges lights",1,"lightform"
"strangest light",1,"lightform"
"streak light",1,"lightform"
"streaming lights",1,"lightform"
"streetlights lights",1,"lightform"
"striped light",1,"lightform"
"strob light",1,"lightform"
"strob lights",1,"lightform"
"strobeing light",1,"lightform"
"strobeing lights",1,"lightform"
"stroboscopic light",1,"lightform"
"studied lights",1,"lightform"
"style light",1,"lightform"
"style lights",1,"lightform"
"successive lights",1,"lightform"
"sudden light",1,"lightform"
"sudden lights",1,"lightform"
"suddenly lights",1,"lightform"
"suns light",1,"lightform"
"super light",1,"lightform"
"surrounding light",1,"lightform"
"sustained lights",1,"lightform"
"swaying light",1,"lightform"
"symmetrical light",1,"lightform"
"symmetrical lights",1,"lightform"
"synchronicity lights",1,"lightform"
"syncronised lights",1,"lightform"
"tall light",1,"lightform"
"tandem lights",1,"lightform"
"taveling lights",1,"lightform"
"teardrop lights",1,"lightform"
"terrific light",1,"lightform"
"thee lights",1,"lightform"
"theone light",1,"lightform"
"thoughs lights",1,"lightform"
"tinged light",1,"lightform"
"tinkerbell lights",1,"lightform"
"tinny lights",1,"lightform"
"tinted light",1,"lightform"
"tip lights",1,"lightform"
"top lights",1,"lightform"
"traded light",1,"lightform"
"tradition light",1,"lightform"
"trafic light",1,"lightform"
"traingular light",1,"lightform"
"trange lights",1,"lightform"
"trangulair light",1,"lightform"
"transforming light",1,"lightform"
"trapizoidal light",1,"lightform"
"traversing light",1,"lightform"
"triad lights",1,"lightform"
"triangal lights",1,"lightform"
"triange lights",1,"lightform"
"triangler lights",1,"lightform"
"tubular light",1,"lightform"
"tumbling lights",1,"lightform"
"twinking light",1,"lightform"
"twitchy light",1,"lightform"
"twored lights",1,"lightform"
"ufl lights",1,"lightform"
"unblinkng light",1,"lightform"
"underneath lights",1,"lightform"
"underside lights",1,"lightform"
"undulating lights",1,"lightform"
"unexplanable light",1,"lightform"
"unexplanable lights",1,"lightform"
"unk light",1,"lightform"
"unknow light",1,"lightform"
"unknowm light",1,"lightform"
"unnatural lights",1,"lightform"
"unsual light",1,"lightform"
"upper light",1,"lightform"
"vague light",1,"lightform"
"valley lights",1,"lightform"
"variable light",1,"lightform"
"variouse lights",1,"lightform"
"venus light",1,"lightform"
"virginia lights",1,"lightform"
"visable lights",1,"lightform"
"vivid lights",1,"lightform"
"wandering light",1,"lightform"
"wandering lights",1,"lightform"
"washington light",1,"lightform"
"washington lights",1,"lightform"
"wayne lights",1,"lightform"
"weard light",1,"lightform"
"wheel lights",1,"lightform"
"when3 lights",1,"lightform"
"whie light",1,"lightform"
"whiite light",1,"lightform"
"whilte lights",1,"lightform"
"whiteish lights",1,"lightform"
"whites light",1,"lightform"
"whitest light",1,"lightform"
"whitle lights",1,"lightform"
"whittish light",1,"lightform"
"wht lights",1,"lightform"
"wihte light",1,"lightform"
"window light",1,"lightform"
"window lights",1,"lightform"
"windows lights",1,"lightform"
"wing light",1,"lightform"
"winged lights",1,"lightform"
"winking lights",1,"lightform"
"wird light",1,"lightform"
"wite light",1,"lightform"
"withflood lights",1,"lightform"
"withfour lights",1,"lightform"
"withred lights",1,"lightform"
"witnessed light",1,"lightform"
"witnessed lights",1,"lightform"
"wobbly lights",1,"lightform"
"wonderful light",1,"lightform"
"woods light",1,"lightform"
"xenon light",1,"lightform"
"xmas lights",1,"lightform"
"yelllow lights",1,"lightform"
"yellowgreen light",1,"lightform"
"yellowich lights",1,"lightform"
"yellowship light",1,"lightform"
"yellowstone lights",1,"lightform"
"yelow lights",1,"lightform"
"yelowish lights",1,"lightform"
"yoing light",1,"lightform"
"zag lights",1,"lightform"
"zagging lights",1,"lightform"
"zaging light",1,"lightform"
"zigzagging lights",1,"lightform"
"zippy light",1,"lightform"
"zooming light",1,"lightform"
"orange fireball",281,"fireball"
"green fireball",249,"fireball"
"orange fireballs",109,"fireball"
"red fireball",88,"fireball"
"bright fireball",54,"fireball"
"white fireball",48,"fireball"
"quot fireball",46,"fireball"
"blue fireball",38,"fireball"
"red fireballs",32,"fireball"
"moving fireball",26,"fireball"
"glowing fireball",24,"fireball"
"yellow fireball",23,"fireball"
"huge fireball",19,"fireball"
"quot fireballs",18,"fireball"
"round fireball",10,"fireball"
"greenish fireball",9,"fireball"
"flying fireball",8,"fireball"
"light fireball",8,"fireball"
"amber fireball",7,"fireball"
"lights fireballs",7,"fireball"
"oval fireball",7,"fireball"
"single fireball",7,"fireball"
"strange fireball",7,"fireball"
"glowing fireballs",6,"fireball"
"silent fireball",6,"fireball"
"blueish fireball",5,"fireball"
"falling fireball",5,"fireball"
"floating fireball",5,"fireball"
"flying fireballs",5,"fireball"
"green fireballs",5,"fireball"
"hovering fireball",5,"fireball"
"moving fireballs",5,"fireball"
"multiple fireballs",5,"fireball"
"silent fireballs",5,"fireball"
"streaking fireball",5,"fireball"
"yellow fireballs",5,"fireball"
"brilliant fireball",4,"fireball"
"circular fireball",4,"fireball"
"flickering fireball",4,"fireball"
"giant fireball",4,"fireball"
"lit fireball",4,"fireball"
"orb fireball",4,"fireball"
"orbs fireballs",4,"fireball"
"pulsating fireball",4,"fireball"
"reddish fireball",4,"fireball"
"shaped fireball",4,"fireball"
"spherical fireball",4,"fireball"
"white fireballs",4,"fireball"
"blue fireballs",3,"fireball"
"bright fireballs",3,"fireball"
"burning fireball",3,"fireball"
"color fireball",3,"fireball"
"colored fireball",3,"fireball"
"dramatic fireball",3,"fireball"
"flaming fireball",3,"fireball"
"orangish fireball",3,"fireball"
"pulsing fireball",3,"fireball"
"round fireballs",3,"fireball"
"sized fireball",3,"fireball"
"sky fireball",3,"fireball"
"stationary fireballs",3,"fireball"
"44orange fireball",2,"fireball"
"altitude fireball",2,"fireball"
"amazing fireball",2,"fireball"
"bluegreen fireball",2,"fireball"
"bluish fireball",2,"fireball"
"california fireball",2,"fireball"
"changing fireball",2,"fireball"
"dancing fireball",2,"fireball"
"dropping fireballs",2,"fireball"
"gold fireball",2,"fireball"
"golden fireball",2,"fireball"
"ish fireball",2,"fireball"
"lights fireball",2,"fireball"
"lone fireball",2,"fireball"
"meteor fireball",2,"fireball"
"michigan fireball",2,"fireball"
"morning fireball",2,"fireball"
"multicolored fireball",2,"fireball"
"object fireball",2,"fireball"
"pink fireball",2,"fireball"
"pulsating fireballs",2,"fireball"
"reddish fireballs",2,"fireball"
"redish fireball",2,"fireball"
"reports fireball",2,"fireball"
"slow fireball",2,"fireball"
"sphere fireball",2,"fireball"
"stationary fireball",2,"fireball"
"strange fireballs",2,"fireball"
"teardrop fireball",2,"fireball"
"ten fireballs",2,"fireball"
"unusual fireball",2,"fireball"
"yellowish fireball",2,"fireball"
"30pm fireball",1,"fireball"
"agiant fireball",1,"fireball"
"alleged fireball",1,"fireball"
"amber fireballs",1,"fireball"
"apearing fireball",1,"fireball"
"bight fireballs",1,"fireball"
"blazing fireball",1,"fireball"
"blurry fireball",1,"fireball"
"boiling fireball",1,"fireball"
"bound fireball",1,"fireball"
"chose fireball",1,"fireball"
"circles fireballs",1,"fireball"
"circular fireballs",1,"fireball"
"close fireball",1,"fireball"
"closeby fireball",1,"fireball"
"comet fireball",1,"fireball"
"confirm fireball",1,"fireball"
"controled fireball",1,"fireball"
"controlled fireballs",1,"fireball"
"corvallis fireball",1,"fireball"
"craft fireball",1,"fireball"
"crazy fireballs",1,"fireball"
"cylindrical fireball",1,"fireball"
"decending fireball",1,"fireball"
"definate fireball",1,"fireball"
"descending fireball",1,"fireball"
"disc fireballs",1,"fireball"
"dividing fireball",1,"fireball"
"dozen fireballs",1,"fireball"
"eastbound fireball",1,"fireball"
"eggshaped fireball",1,"fireball"
"emitting fireballs",1,"fireball"
"energy fireball",1,"fireball"
"enormous fireball",1,"fireball"
"exits fireball",1,"fireball"
"exploding fireball",1,"fireball"
"falling fireballs",1,"fireball"
"fast fireballs",1,"fireball"
"fire fireball",1,"fireball"
"flame fireball",1,"fireball"
"flash fireball",1,"fireball"
"flickering fireballs",1,"fireball"
"florida fireball",1,"fireball"
"fluoriscent fireball",1,"fireball"
"formation fireballs",1,"fireball"
"formations fireballs",1,"fireball"
"friday fireball",1,"fireball"
"giant fireballs",1,"fireball"
"glo fireball",1,"fireball"
"glod fireballs",1,"fireball"
"gold fireballs",1,"fireball"
"gree fireball",1,"fireball"
"grren fireball",1,"fireball"
"hazy fireball",1,"fireball"
"hoax fireball",1,"fireball"
"horizontal fireball",1,"fireball"
"houston fireball",1,"fireball"
"hrs fireball",1,"fireball"
"huge fireballs",1,"fireball"
"illuminated fireball",1,"fireball"
"incredible fireball",1,"fireball"
"individual fireball",1,"fireball"
"interactive fireballs",1,"fireball"
"ish fireballs",1,"fireball"
"july fireball",1,"fireball"
"kennedy fireball",1,"fireball"
"lasting fireball",1,"fireball"
"lenght fireball",1,"fireball"
"lighted fireballs",1,"fireball"
"lit fireballs",1,"fireball"
"lived fireball",1,"fireball"
"main fireball",1,"fireball"
"manuevering fireballs",1,"fireball"
"massive fireball",1,"fireball"
"medium fireball",1,"fireball"
"meteir fireball",1,"fireball"
"meteorite fireball",1,"fireball"
"mini fireballs",1,"fireball"
"minutes fireball",1,"fireball"
"moon fireball",1,"fireball"
"morphing fireball",1,"fireball"
"night fireball",1,"fireball"
"nighttime fireball",1,"fireball"
"notice fireballs",1,"fireball"
"noticed fireball",1,"fireball"
"observed fireball",1,"fireball"
"odd fireball",1,"fireball"
"oklahoma fireball",1,"fireball"
"orand fireball",1,"fireball"
"orangeish fireballs",1,"fireball"
"oranges fireball",1,"fireball"
"orb fireballs",1,"fireball"
"ord fireball",1,"fireball"
"ornage fireball",1,"fireball"
"ovoid fireball",1,"fireball"
"person fireball",1,"fireball"
"prange fireball",1,"fireball"
"purple fireball",1,"fireball"
"quiet fireball",1,"fireball"
"recorded fireball",1,"fireball"
"rectangular fireball",1,"fireball"
"report fireball",1,"fireball"
"reveals fireball",1,"fireball"
"rising fireball",1,"fireball"
"scanning fireball",1,"fireball"
"separate fireballs",1,"fireball"
"shaped fireballs",1,"fireball"
"shapes fireball",1,"fireball"
"shooting fireball",1,"fireball"
"sighted fireball",1,"fireball"
"size fireball",1,"fireball"
"smokeless fireball",1,"fireball"
"smoking fireball",1,"fireball"
"solitary fireball",1,"fireball"
"soundless fireball",1,"fireball"
"sparking fireball",1,"fireball"
"sparkling fireballs",1,"fireball"
"star fireball",1,"fireball"
"steaking fireball",1,"fireball"
"streaking fireballs",1,"fireball"
"strrange fireball",1,"fireball"
"sunset fireball",1,"fireball"
"thirteen fireballs",1,"fireball"
"tinged fireball",1,"fireball"
"tinted fireball",1,"fireball"
"trailing fireballs",1,"fireball"
"trajectory fireball",1,"fireball"
"turqouise fireball",1,"fireball"
"type fireball",1,"fireball"
"ufos fireballs",1,"fireball"
"undefinable fireball",1,"fireball"
"unexplained fireball",1,"fireball"
"unmoving fireball",1,"fireball"
"unusual fireballs",1,"fireball"
"vegas fireball",1,"fireball"
"violet fireball",1,"fireball"
"virginia fireballs",1,"fireball"
"visible fireballs",1,"fireball"
"wavy fireball",1,"fireball"
"weird fireball",1,"fireball"
"wings fireball",1,"fireball"
"witness fireball",1,"fireball"
"witnessing fireball",1,"fireball"
"yellowish fireballs",1,"fireball"
"zaging fireball",1,"fireball"
"black triangle",253,"triangle"
"flying triangle",43,"triangle"
"huge triangle",40,"triangle"
"dark triangle",36,"triangle"
"perfect triangle",30,"triangle"
"moving triangle",29,"triangle"
"silent triangle",27,"triangle"
"orange triangle",26,"triangle"
"red triangle",23,"triangle"
"light triangle",16,"triangle"
"white triangle",16,"triangle"
"form triangle",15,"triangle"
"black triangles",13,"triangle"
"bright triangle",13,"triangle"
"equilateral triangle",13,"triangle"
"lighted triangle",13,"triangle"
"forming triangle",12,"triangle"
"green triangle",11,"triangle"
"glowing triangle",9,"triangle"
"hovering triangle",9,"triangle"
"strange triangle",9,"triangle"
"giant triangle",8,"triangle"
"isosceles triangle",8,"triangle"
"formed triangle",7,"triangle"
"red triangles",7,"triangle"
"silver triangle",7,"triangle"
"gray triangle",6,"triangle"
"lights triangle",6,"triangle"
"massive triangle",5,"triangle"
"transparent triangle",5,"triangle"
"elongated triangle",4,"triangle"
"gigantic triangle",4,"triangle"
"orange triangles",4,"triangle"
"quot triangle",4,"triangle"
"rounded triangle",4,"triangle"
"vertical triangle",4,"triangle"
"yellow triangle",4,"triangle"
"altitude triangle",3,"triangle"
"cloaked triangle",3,"triangle"
"close triangle",3,"triangle"
"delta triangle",3,"triangle"
"enormous triangle",3,"triangle"
"fast triangle",3,"triangle"
"grey triangle",3,"triangle"
"illuminated triangle",3,"triangle"
"irregular triangle",3,"triangle"
"lit triangle",3,"triangle"
"morphing triangle",3,"triangle"
"shape triangle",3,"triangle"
"shaped triangle",3,"triangle"
"blinking triangle",2,"triangle"
"blk triangle",2,"triangle"
"blue triangle",2,"triangle"
"blue triangles",2,"triangle"
"boomerang triangle",2,"triangle"
"brown triangle",2,"triangle"
"chevron triangle",2,"triangle"
"classic triangle",2,"triangle"
"colored triangle",2,"triangle"
"dark triangles",2,"triangle"
"dim triangle",2,"triangle"
"dot triangle",2,"triangle"
"elongated triangles",2,"triangle"
"floating triangle",2,"triangle"
"flying triangles",2,"triangle"
"forming triangles",2,"triangle"
"glowing triangles",2,"triangle"
"gold triangle",2,"triangle"
"golden triangle",2,"triangle"
"hoax triangle",2,"triangle"
"illuminated triangles",2,"triangle"
"inverted triangle",2,"triangle"
"lit triangles",2,"triangle"
"loose triangle",2,"triangle"
"luminous triangles",2,"triangle"
"metal triangle",2,"triangle"
"metalic triangle",2,"triangle"
"metallic triangle",2,"triangle"
"multiple triangle",2,"triangle"
"multiple triangles",2,"triangle"
"observed triangle",2,"triangle"
"obtuse triangle",2,"triangle"
"rotating triangle",2,"triangle"
"sharp triangle",2,"triangle"
"shimmering triangle",2,"triangle"
"silvery triangle",2,"triangle"
"single triangle",2,"triangle"
"slow triangle",2,"triangle"
"spots triangle",2,"triangle"
"square triangle",2,"triangle"
"stationary triangle",2,"triangle"
"tight triangle",2,"triangle"
"translucent triangle",2,"triangle"
"transparent triangles",2,"triangle"
"white triangles",2,"triangle"
"39s triangle",1,"triangle"
"44a triangle",1,"triangle"
"44id triangle",1,"triangle"
"abrupt triangle",1,"triangle"
"acute triangle",1,"triangle"
"aircraft triangle",1,"triangle"
"airplane triangle",1,"triangle"
"aligned triangle",1,"triangle"
"amber triangle",1,"triangle"
"amber triangles",1,"triangle"
"angeles triangle",1,"triangle"
"arizona triangle",1,"triangle"
"arrowhead triangle",1,"triangle"
"backward triangle",1,"triangle"
"beach triangle",1,"triangle"
"beautiful triangle",1,"triangle"
"bermuda triangle",1,"triangle"
"boomerange triangle",1,"triangle"
"bronze triangle",1,"triangle"
"burning triangle",1,"triangle"
"canyon triangle",1,"triangle"
"changing triangle",1,"triangle"
"circular triangle",1,"triangle"
"color triangle",1,"triangle"
"complete triangle",1,"triangle"
"connected triangles",1,"triangle"
"corner triangle",1,"triangle"
"craft triangle",1,"triangle"
"crafts triangle",1,"triangle"
"crazy triangle",1,"triangle"
"create triangle",1,"triangle"
"crooked triangle",1,"triangle"
"darkened triangle",1,"triangle"
"defined triangle",1,"triangle"
"diamond triangle",1,"triangle"
"diamound triangle",1,"triangle"
"disappeared triangle",1,"triangle"
"distinctive triangle",1,"triangle"
"dots triangle",1,"triangle"
"east triangle",1,"triangle"
"eastern triangle",1,"triangle"
"eqilateral triangle",1,"triangle"
"equalateral triangle",1,"triangle"
"equiangular triangle",1,"triangle"
"fallon triangle",1,"triangle"
"finish triangle",1,"triangle"
"fireball triangle",1,"triangle"
"firey triangle",1,"triangle"
"flashing triangle",1,"triangle"
"flashing triangles",1,"triangle"
"flat triangle",1,"triangle"
"flattened triangle",1,"triangle"
"florescent triangles",1,"triangle"
"foot triangle",1,"triangle"
"formed triangles",1,"triangle"
"forms triangle",1,"triangle"
"fuzzy triangle",1,"triangle"
"gliding triangle",1,"triangle"
"green triangles",1,"triangle"
"head triangle",1,"triangle"
"horizontal triangle",1,"triangle"
"hovering triangles",1,"triangle"
"huged triangle",1,"triangle"
"hugh triangle",1,"triangle"
"invisible triangle",1,"triangle"
"ish triangle",1,"triangle"
"isoceles triangle",1,"triangle"
"isocolese triangle",1,"triangle"
"isosoles triangle",1,"triangle"
"junk triangle",1,"triangle"
"labs triangle",1,"triangle"
"larg triangle",1,"triangle"
"larger triangle",1,"triangle"
"lighted triangles",1,"triangle"
"lite triangle",1,"triangle"
"looked triangle",1,"triangle"
"massachusetts triangle",1,"triangle"
"minutes triangle",1,"triangle"
"morning triangle",1,"triangle"
"motionless triangle",1,"triangle"
"narrow triangle",1,"triangle"
"navy triangle",1,"triangle"
"nighttime triangle",1,"triangle"
"odd triangle",1,"triangle"
"orangish triangle",1,"triangle"
"orb triangle",1,"triangle"
"park triangle",1,"triangle"
"personal triangle",1,"triangle"
"phoenix triangle",1,"triangle"
"physical triangle",1,"triangle"
"pink triangles",1,"triangle"
"pixalated triangle",1,"triangle"
"precise triangle",1,"triangle"
"pulsating triangle",1,"triangle"
"pulsating triangles",1,"triangle"
"pulsing triangle",1,"triangle"
"pulsing triangles",1,"triangle"
"quiet triangle",1,"triangle"
"reflective triangle",1,"triangle"
"replicating triangle",1,"triangle"
"research triangle",1,"triangle"
"resist triangle",1,"triangle"
"reverse triangle",1,"triangle"
"rings triangle",1,"triangle"
"rock triangle",1,"triangle"
"rolling triangle",1,"triangle"
"rough triangle",1,"triangle"
"roundish triangle",1,"triangle"
"scalene triangle",1,"triangle"
"scalene triangles",1,"triangle"
"separate triangles",1,"triangle"
"shadowy triangle",1,"triangle"
"shaped triangles",1,"triangle"
"shiny triangle",1,"triangle"
"sideways triangle",1,"triangle"
"sized triangle",1,"triangle"
"sky triangle",1,"triangle"
"sleek triangle",1,"triangle"
"smooth triangle",1,"triangle"
"soaring triangle",1,"triangle"
"solid triangle",1,"triangle"
"sound triangle",1,"triangle"
"soundless triangle",1,"triangle"
"south triangle",1,"triangle"
"spectacular triangle",1,"triangle"
"speed triangle",1,"triangle"
"speeding triangle",1,"triangle"
"spotted triangle",1,"triangle"
"squat triangle",1,"triangle"
"star triangle",1,"triangle"
"stealthy triangle",1,"triangle"
"strange triangles",1,"triangle"
"summer triangle",1,"triangle"
"symmetrical triangle",1,"triangle"
"symmetrical triangles",1,"triangle"
"talking triangle",1,"triangle"
"tapered triangle",1,"triangle"
"teardrop triangle",1,"triangle"
"telescope triangles",1,"triangle"
"thx triangle",1,"triangle"
"time triangle",1,"triangle"
"tiny triangles",1,"triangle"
"transparant triangle",1,"triangle"
"trapezoid triangle",1,"triangle"
"traveling triangle",1,"triangle"
"trouble triangle",1,"triangle"
"unexplainable triangle",1,"triangle"
"unidentified triangle",1,"triangle"
"unilateral triangle",1,"triangle"
"unlighted triangle",1,"triangle"
"unlit triangle",1,"triangle"
"upright triangle",1,"triangle"
"upside triangle",1,"triangle"
"usual triangle",1,"triangle"
"verticle triangle",1,"triangle"
"viewing triangle",1,"triangle"
"wedge triangle",1,"triangle"
"weird triangle",1,"triangle"
"westchester triangle",1,"triangle"
"whitish triangle",1,"triangle"
"wide triangle",1,"triangle"
"witness triangle",1,"triangle"
"witnessed triangle",1,"triangle"
"orange sphere",193,"circle"
"white sphere",118,"circle"
"glowing sphere",67,"circle"
"red sphere",66,"circle"
"silver sphere",59,"circle"
"bright sphere",54,"circle"
"blue sphere",53,"circle"
"white circle",46,"circle"
"orange circle",43,"circle"
"red circle",43,"circle"
"green sphere",35,"circle"
"metallic sphere",33,"circle"
"black sphere",27,"circle"
"bright circle",26,"circle"
"colored sphere",25,"circle"
"green circle",20,"circle"
"half circle",19,"circle"
"semi circle",17,"circle"
"pulsating sphere",15,"circle"
"yellow sphere",15,"circle"
"black circle",14,"circle"
"perfect circle",14,"circle"
"silver circle",14,"circle"
"light sphere",13,"circle"
"blue circle",11,"circle"
"flying sphere",11,"circle"
"glowing circle",11,"circle"
"dark circle",9,"circle"
"metalic sphere",9,"circle"
"round sphere",9,"circle"
"dark sphere",8,"circle"
"orb sphere",8,"circle"
"lighted sphere",7,"circle"
"reflective sphere",7,"circle"
"silent sphere",7,"circle"
"stationary sphere",7,"circle"
"chrome sphere",6,"circle"
"hovering sphere",6,"circle"
"illuminated sphere",6,"circle"
"oval circle",6,"circle"
"round circle",6,"circle"
"shaped sphere",6,"circle"
"shiny sphere",6,"circle"
"translucent sphere",6,"circle"
"colored circle",5,"circle"
"flashing sphere",5,"circle"
"floating sphere",5,"circle"
"golden sphere",5,"circle"
"gray sphere",5,"circle"
"grey sphere",5,"circle"
"lights circle",5,"circle"
"perfect sphere",5,"circle"
"silvery sphere",5,"circle"
"brown sphere",4,"circle"
"flaming sphere",4,"circle"
"gold sphere",4,"circle"
"oval sphere",4,"circle"
"purple sphere",4,"circle"
"quot circle",4,"circle"
"quot sphere",4,"circle"
"sized sphere",4,"circle"
"spinning circle",4,"circle"
"yellow circle",4,"circle"
"amber sphere",3,"circle"
"ball sphere",3,"circle"
"blinking sphere",3,"circle"
"color circle",3,"circle"
"crop circle",3,"circle"
"flying circle",3,"circle"
"fuzzy circle",3,"circle"
"half sphere",3,"circle"
"huge circle",3,"circle"
"huge sphere",3,"circle"
"light circle",3,"circle"
"lighted circle",3,"circle"
"lit circle",3,"circle"
"metal sphere",3,"circle"
"moving circle",3,"circle"
"moving sphere",3,"circle"
"reddish sphere",3,"circle"
"redish sphere",3,"circle"
"spinning sphere",3,"circle"
"ball circle",2,"circle"
"blinking circle",2,"circle"
"brilliant sphere",2,"circle"
"bronze sphere",2,"circle"
"burning sphere",2,"circle"
"changing sphere",2,"circle"
"circular sphere",2,"circle"
"city sphere",2,"circle"
"clockwise circle",2,"circle"
"color sphere",2,"circle"
"colorful sphere",2,"circle"
"complete circle",2,"circle"
"copper sphere",2,"circle"
"daytime sphere",2,"circle"
"dim circle",2,"circle"
"double sphere",2,"circle"
"falling circle",2,"circle"
"foot sphere",2,"circle"
"formed circle",2,"circle"
"golden circle",2,"circle"
"grey circle",2,"circle"
"greyish sphere",2,"circle"
"inside circle",2,"circle"
"ish sphere",2,"circle"
"larger sphere",2,"circle"
"object circle",2,"circle"
"ohio circle",2,"circle"
"outer circle",2,"circle"
"pulsating circle",2,"circle"
"pulsing sphere",2,"circle"
"purple circle",2,"circle"
"rotating sphere",2,"circle"
"shining sphere",2,"circle"
"size sphere",2,"circle"
"solid circle",2,"circle"
"solid sphere",2,"circle"
"star sphere",2,"circle"
"stationary circle",2,"circle"
"sunlike sphere",2,"circle"
"tight circle",2,"circle"
"transparent sphere",2,"circle"
"yellowish sphere",2,"circle"
"12ft sphere",1,"circle"
"39s circle",1,"circle"
"44saw sphere",1,"circle"
"44small sphere",1,"circle"
"44soundless sphere",1,"circle"
"44wv circle",1,"circle"
"46yard sphere",1,"circle"
"aluminum circle",1,"circle"
"amazing sphere",1,"circle"
"arizona circle",1,"circle"
"ascending sphere",1,"circle"
"base sphere",1,"circle"
"blazing sphere",1,"circle"
"blueish circle",1,"circle"
"blueish sphere",1,"circle"
"bluish circle",1,"circle"
"bluish sphere",1,"circle"
"brite sphere",1,"circle"
"burned circle",1,"circle"
"calif sphere",1,"circle"
"capital circle",1,"circle"
"changing circle",1,"circle"
"chasing sphere",1,"circle"
"cigar circle",1,"circle"
"circle sphere",1,"circle"
"close circle",1,"circle"
"closely circle",1,"circle"
"coilored sphere",1,"circle"
"collins circle",1,"circle"
"colorchanging circle",1,"circle"
"colour sphere",1,"circle"
"cone sphere",1,"circle"
"conecntric circle",1,"circle"
"confirming sphere",1,"circle"
"contained sphere",1,"circle"
"crazy circle",1,"circle"
"crystal sphere",1,"circle"
"darkenss sphere",1,"circle"
"darting circle",1,"circle"
"daylight sphere",1,"circle"
"defined circle",1,"circle"
"diagonal circle",1,"circle"
"diameter circle",1,"circle"
"diameter sphere",1,"circle"
"disk sphere",1,"circle"
"distant sphere",1,"circle"
"dominion circle",1,"circle"
"dot circle",1,"circle"
"dotted circle",1,"circle"
"double circle",1,"circle"
"dozen sphere",1,"circle"
"dual sphere",1,"circle"
"electrical sphere",1,"circle"
"elongated sphere",1,"circle"
"emitted circle",1,"circle"
"emitting circle",1,"circle"
"emitting sphere",1,"circle"
"entire circle",1,"circle"
"entire sphere",1,"circle"
"erratically circle",1,"circle"
"eventually circle",1,"circle"
"faint sphere",1,"circle"
"fiery sphere",1,"circle"
"filled circle",1,"circle"
"fireball sphere",1,"circle"
"fixated circle",1,"circle"
"flashing circle",1,"circle"
"flat circle",1,"circle"
"flat sphere",1,"circle"
"flickering sphere",1,"circle"
"forming circle",1,"circle"
"giant circle",1,"circle"
"giant sphere",1,"circle"
"glittering sphere",1,"circle"
"glow sphere",1,"circle"
"gold circle",1,"circle"
"gray circle",1,"circle"
"grayish circle",1,"circle"
"greenish sphere",1,"circle"
"hazey sphere",1,"circle"
"hazy circle",1,"circle"
"hazy sphere",1,"circle"
"helicopter circle",1,"circle"
"hoax circle",1,"circle"
"hoax sphere",1,"circle"
"hoberman sphere",1,"circle"
"hue sphere",1,"circle"
"illumination sphere",1,"circle"
"ionized sphere",1,"circle"
"irregular circle",1,"circle"
"jagged circle",1,"circle"
"largers sphere",1,"circle"
"lead sphere",1,"circle"
"lit sphere",1,"circle"
"lookin circle",1,"circle"
"low circle",1,"circle"
"lumenescent sphere",1,"circle"
"luminescent sphere",1,"circle"
"luminiscent sphere",1,"circle"
"luminous sphere",1,"circle"
"metal circle",1,"circle"
"metalic circle",1,"circle"
"middle circle",1,"circle"
"min.a circle",1,"circle"
"molten sphere",1,"circle"
"morphing sphere",1,"circle"
"motion sphere",1,"circle"
"motionless sphere",1,"circle"
"multicolor sphere",1,"circle"
"neon sphere",1,"circle"
"nevada circle",1,"circle"
"nighttime sphere",1,"circle"
"noiseless sphere",1,"circle"
"nonreflective sphere",1,"circle"
"object sphere",1,"circle"
"observant sphere",1,"circle"
"observers sphere",1,"circle"
"orage sphere",1,"circle"
"orangish circle",1,"circle"
"orb circle",1,"circle"
"orbs sphere",1,"circle"
"organe sphere",1,"circle"
"original circle",1,"circle"
"ornage sphere",1,"circle"
"oscillating sphere",1,"circle"
"perfectly circle",1,"circle"
"pike circle",1,"circle"
"possibly circle",1,"circle"
"pulsing circle",1,"circle"
"r.i sphere",1,"circle"
"rapid circle",1,"circle"
"reddish circle",1,"circle"
"reflective circle",1,"circle"
"report sphere",1,"circle"
"reveals sphere",1,"circle"
"rim circle",1,"circle"
"rimmed circle",1,"circle"
"ring circle",1,"circle"
"ringed circle",1,"circle"
"rotating circle",1,"circle"
"samller sphere",1,"circle"
"saucer circle",1,"circle"
"shape circle",1,"circle"
"shaped circle",1,"circle"
"shiney sphere",1,"circle"
"shinny circle",1,"circle"
"shiny circle",1,"circle"
"silent circle",1,"circle"
"silverish sphere",1,"circle"
"silvery circle",1,"circle"
"siver circle",1,"circle"
"sized circle",1,"circle"
"sky circle",1,"circle"
"sliver sphere",1,"circle"
"slow circle",1,"circle"
"smoke circle",1,"circle"
"smoking circle",1,"circle"
"smooth circle",1,"circle"
"speed sphere",1,"circle"
"speedy circle",1,"circle"
"sphere circle",1,"circle"
"squarish circle",1,"circle"
"stars circle",1,"circle"
"strange sphere",1,"circle"
"suspended sphere",1,"circle"
"sync circle",1,"circle"
"tail sphere",1,"circle"
"tan circle",1,"circle"
"teal sphere",1,"circle"
"teardrop sphere",1,"circle"
"time sphere",1,"circle"
"traffic circle",1,"circle"
"translusent circle",1,"circle"
"type circle",1,"circle"
"u.f.o circle",1,"circle"
"unidentified circle",1,"circle"
"unidentified sphere",1,"circle"
"unknown sphere",1,"circle"
"unusual sphere",1,"circle"
"vibrating sphere",1,"circle"
"violet sphere",1,"circle"
"visual sphere",1,"circle"
"whilte sphere",1,"circle"
"whiteish sphere",1,"circle"
"wide circle",1,"circle"
"silver disk",61,"disk"
"white disk",31,"disk"
"flying disk",29,"disk"
"black disk",19,"disk"
"round disk",18,"disk"
"glowing disk",16,"disk"
"shaped disk",14,"disk"
"circular disk",13,"disk"
"hovering disk",12,"disk"
"orange disk",12,"disk"
"metallic disk",11,"disk"
"bright disk",10,"disk"
"red disk",10,"disk"
"blue disk",9,"disk"
"huge disk",9,"disk"
"silver disks",9,"disk"
"colored disk",8,"disk"
"daylight disk",8,"disk"
"grey disk",8,"disk"
"oval disk",8,"disk"
"dark disk",7,"disk"
"green disk",7,"disk"
"stationary disk",7,"disk"
"gray disk",6,"disk"
"shiny disk",6,"disk"
"white disks",6,"disk"
"spinning disk",5,"disk"
"flying disks",4,"disk"
"light disk",4,"disk"
"metallic disks",4,"disk"
"moving disk",4,"disk"
"orange disks",4,"disk"
"red disks",4,"disk"
"rotating disk",4,"disk"
"strange disk",4,"disk"
"altitude disk",3,"disk"
"cigar disk",3,"disk"
"circular disks",3,"disk"
"matalic disk",3,"disk"
"multicolored disk",3,"disk"
"observed disk",3,"disk"
"silvery disk",3,"disk"
"amber disk",2,"disk"
"chrome disk",2,"disk"
"colored disks",2,"disk"
"fat disk",2,"disk"
"flaming disk",2,"disk"
"foot disk",2,"disk"
"glowing disks",2,"disk"
"gold disk",2,"disk"
"illuminated disks",2,"disk"
"lighted disk",2,"disk"
"luminous disks",2,"disk"
"lunar disk",2,"disk"
"metal disk",2,"disk"
"metalic disk",2,"disk"
"perfect disk",2,"disk"
"possibly disk",2,"disk"
"pulsating disk",2,"disk"
"reflecting disk",2,"disk"
"round disks",2,"disk"
"saucer disk",2,"disk"
"silent disk",2,"disk"
"thin disk",2,"disk"
"type disk",2,"disk"
"yellow disk",2,"disk"
"44flat disks",1,"disk"
"44m disk",1,"disk"
"44nj disk",1,"disk"
"44silver disk",1,"disk"
"amber disks",1,"disk"
"anomalous disk",1,"disk"
"bizzare disk",1,"disk"
"black disks",1,"disk"
"bowl disks",1,"disk"
"brigt disk",1,"disk"
"brilliant disk",1,"disk"
"carolina disk",1,"disk"
"cloaked disks",1,"disk"
"colo disk",1,"disk"
"color disk",1,"disk"
"colorful disk",1,"disk"
"colors disk",1,"disk"
"control disk",1,"disk"
"convex disk",1,"disk"
"copper disk",1,"disk"
"craft disk",1,"disk"
"cream disk",1,"disk"
"curcular disk",1,"disk"
"dark disks",1,"disk"
"daytime disk",1,"disk"
"defined disk",1,"disk"
"definite disk",1,"disk"
"dimpled disk",1,"disk"
"distant disk",1,"disk"
"domed disk",1,"disk"
"dual disk",1,"disk"
"faint disk",1,"disk"
"fiery disk",1,"disk"
"fire disk",1,"disk"
"fire disks",1,"disk"
"flashing disk",1,"disk"
"flashing disks",1,"disk"
"flat disk",1,"disk"
"flat disks",1,"disk"
"flattened disk",1,"disk"
"floating disk",1,"disk"
"fuzzy disks",1,"disk"
"glistening disk",1,"disk"
"golden disk",1,"disk"
"greyish disk",1,"disk"
"half disk",1,"disk"
"hills disk",1,"disk"
"hoax disk",1,"disk"
"kakhi disk",1,"disk"
"lead disk",1,"disk"
"loud disk",1,"disk"
"low disks",1,"disk"
"luminescent disk",1,"disk"
"luminous disk",1,"disk"
"massive disk",1,"disk"
"minutes disk",1,"disk"
"minutes.the disk",1,"disk"
"moving disks",1,"disk"
"mysterious disk",1,"disk"
"northbound disk",1,"disk"
"object disk",1,"disk"
"oblong disk",1,"disk"
"orb disk",1,"disk"
"oval disks",1,"disk"
"patterned disks",1,"disk"
"pic disk",1,"disk"
"plain disk",1,"disk"
"quot disk",1,"disk"
"refective disk",1,"disk"
"report disk",1,"disk"
"roundish disk",1,"disk"
"seperate disk",1,"disk"
"shadowy disk",1,"disk"
"shape disk",1,"disk"
"shape disks",1,"disk"
"shinny disk",1,"disk"
"shinny disks",1,"disk"
"ship disk",1,"disk"
"sighting disk",1,"disk"
"size disk",1,"disk"
"sonic disk",1,"disk"
"sphere disk",1,"disk"
"spotted disk",1,"disk"
"transparent disk",1,"disk"
"tri disk",1,"disk"
"trouble disk",1,"disk"
"tumbling disk",1,"disk"
"vertical disk",1,"disk"
"virtical disk",1,"disk"
"watching disk",1,"disk"
"wobbling disk",1,"disk"
"woods.a disk",1,"disk"
"yellow disks",1,"disk"
"yellowish disks",1,"disk"
"silver cigar",54,"cigar"
"white cigar",48,"cigar"
"orange cigar",16,"cigar"
"bright cigar",15,"cigar"
"black cigar",13,"cigar"
"metallic cigar",11,"cigar"
"glowing cigar",9,"cigar"
"colored cigar",8,"cigar"
"red cigar",7,"cigar"
"blue cigar",6,"cigar"
"dark cigar",6,"cigar"
"flying cigar",6,"cigar"
"quot cigar",6,"cigar"
"shiny cigar",6,"cigar"
"hovering cigar",5,"cigar"
"vertical cigar",5,"cigar"
"cylinder cigar",4,"cigar"
"huge cigar",4,"cigar"
"light cigar",4,"cigar"
"metalic cigar",4,"cigar"
"moving cigar",4,"cigar"
"oblong cigar",4,"cigar"
"silent cigar",4,"cigar"
"chrome cigar",3,"cigar"
"daylight cigar",3,"cigar"
"green cigar",3,"cigar"
"grey cigar",3,"cigar"
"stationary cigar",3,"cigar"
"strange cigar",3,"cigar"
"amber cigar",2,"cigar"
"brown cigar",2,"cigar"
"elongated cigar",2,"cigar"
"enormous cigar",2,"cigar"
"golden cigar",2,"cigar"
"lit cigar",2,"cigar"
"saucer cigar",2,"cigar"
"short cigar",2,"cigar"
"speed cigar",2,"cigar"
"yellow cigar",2,"cigar"
"39s cigars",1,"cigar"
"44large cigar",1,"cigar"
"44long cigar",1,"cigar"
"bizarre cigar",1,"cigar"
"bullet cigar",1,"cigar"
"buzzing cigar",1,"cigar"
"california cigar",1,"cigar"
"center cigar",1,"cigar"
"chase cigar",1,"cigar"
"cloaked cigar",1,"cigar"
"cloaking cigar",1,"cigar"
"color cigar",1,"cigar"
"colorado cigar",1,"cigar"
"craft cigar",1,"cigar"
"cylindar cigar",1,"cigar"
"cylindriacal cigar",1,"cigar"
"day cigar",1,"cigar"
"disappearing cigar",1,"cigar"
"disk cigar",1,"cigar"
"eccentric cigar",1,"cigar"
"fastmoving cigar",1,"cigar"
"fat cigar",1,"cigar"
"flashing cigar",1,"cigar"
"formed cigar",1,"cigar"
"giant cigar",1,"cigar"
"gigantic cigar",1,"cigar"
"glassy cigar",1,"cigar"
"gold cigar",1,"cigar"
"gold cigars",1,"cigar"
"gray cigar",1,"cigar"
"gree cigar",1,"cigar"
"hellicopters cigar",1,"cigar"
"holograhic cigar",1,"cigar"
"illuminated cigar",1,"cigar"
"lighted cigar",1,"cigar"
"line cigar",1,"cigar"
"luminescent cigar",1,"cigar"
"luminous cigar",1,"cigar"
"missile cigar",1,"cigar"
"missle cigar",1,"cigar"
"morning cigar",1,"cigar"
"multiple cigar",1,"cigar"
"n.j cigar",1,"cigar"
"nev cigar",1,"cigar"
"nioseless cigar",1,"cigar"
"object cigar",1,"cigar"
"observe cigar",1,"cigar"
"observes cigar",1,"cigar"
"perpendicular cigar",1,"cigar"
"phasing cigar",1,"cigar"
"precise cigar",1,"cigar"
"pulsating cigar",1,"cigar"
"quot cigars",1,"cigar"
"rectangular cigar",1,"cigar"
"reddish cigar",1,"cigar"
"reflective cigar",1,"cigar"
"report cigar",1,"cigar"
"rotating cigar",1,"cigar"
"round cigar",1,"cigar"
"sectioned cigar",1,"cigar"
"shaped cigar",1,"cigar"
"shiney cigar",1,"cigar"
"shinny cigar",1,"cigar"
"silhouette cigar",1,"cigar"
"silvery cigar",1,"cigar"
"slim cigar",1,"cigar"
"sliver cigar",1,"cigar"
"soundless cigar",1,"cigar"
"steady cigar",1,"cigar"
"surrounding cigar",1,"cigar"
"thin cigar",1,"cigar"
"transforming cigar",1,"cigar"
"tube cigar",1,"cigar"
"tubular cigar",1,"cigar"
"typical cigar",1,"cigar"
"unidentified cigar",1,"cigar"
"viewed cigar",1,"cigar"
"violet cigar",1,"cigar"
"wierd cigar",1,"cigar"
"wingless cigar",1,"cigar"
"wings cigar",1,"cigar"
"witnessed cigar",1,"cigar"
"white oval",62,"oval"
"orange oval",58,"oval"
"bright oval",54,"oval"
"glowing oval",33,"oval"
"red oval",27,"oval"
"black oval",22,"oval"
"green oval",20,"oval"
"blue oval",17,"oval"
"silver oval",12,"oval"
"grey oval",11,"oval"
"moving oval",11,"oval"
"dark oval",8,"oval"
"yellow oval",8,"oval"
"colored oval",7,"oval"
"light oval",7,"oval"
"luminous oval",7,"oval"
"circular oval",6,"oval"
"flying oval",6,"oval"
"metallic oval",6,"oval"
"shiny oval",6,"oval"
"huge oval",5,"oval"
"oblong oval",5,"oval"
"flashing oval",4,"oval"
"lighted oval",4,"oval"
"orange ovals",4,"oval"
"quot oval",4,"oval"
"red ovals",4,"oval"
"silent oval",4,"oval"
"egg oval",3,"oval"
"flying ovals",3,"oval"
"gray oval",3,"oval"
"hovering oval",3,"oval"
"illuminated oval",3,"oval"
"lit oval",3,"oval"
"metal oval",3,"oval"
"pulsating oval",3,"oval"
"silvery oval",3,"oval"
"strange oval",3,"oval"
"yellowish oval",3,"oval"
"2glassy oval",2,"oval"
"amber oval",2,"oval"
"appeared oval",2,"oval"
"bright ovals",2,"oval"
"colored ovals",2,"oval"
"disc oval",2,"oval"
"elongated oval",2,"oval"
"enormous oval",2,"oval"
"faint oval",2,"oval"
"fast oval",2,"oval"
"flat oval",2,"oval"
"flattened oval",2,"oval"
"floating oval",2,"oval"
"golden oval",2,"oval"
"grayish oval",2,"oval"
"half oval",2,"oval"
"luminescent oval",2,"oval"
"metalic oval",2,"oval"
"metallic ovals",2,"oval"
"reddish oval",2,"oval"
"reflective oval",2,"oval"
"report oval",2,"oval"
"rotating oval",2,"oval"
"round oval",2,"oval"
"slanted oval",2,"oval"
"slightly oval",2,"oval"
"stationary oval",2,"oval"
"tilted oval",2,"oval"
"unknown oval",2,"oval"
"white ovals",2,"oval"
"witnessed oval",2,"oval"
"39s oval",1,"oval"
"44blue oval",1,"oval"
"altitude oval",1,"oval"
"amber ovals",1,"oval"
"angelo oval",1,"oval"
"beautiful oval",1,"oval"
"billowy oval",1,"oval"
"black ovals",1,"oval"
"blue ovals",1,"oval"
"blurred oval",1,"oval"
"brilliant oval",1,"oval"
"bronze oval",1,"oval"
"bugish oval",1,"oval"
"car.an oval",1,"oval"
"changing oval",1,"oval"
"cigar oval",1,"oval"
"circle oval",1,"oval"
"clean oval",1,"oval"
"close oval",1,"oval"
"color oval",1,"oval"
"color ovals",1,"oval"
"colorful oval",1,"oval"
"colors oval",1,"oval"
"cylinder oval",1,"oval"
"darkened oval",1,"oval"
"day oval",1,"oval"
"deffinitly oval",1,"oval"
"diamond oval",1,"oval"
"dim oval",1,"oval"
"disapp oval",1,"oval"
"double oval",1,"oval"
"eclipse oval",1,"oval"
"falling oval",1,"oval"
"fat oval",1,"oval"
"fiery oval",1,"oval"
"firey oval",1,"oval"
"flash oval",1,"oval"
"florecent oval",1,"oval"
"focus oval",1,"oval"
"giant oval",1,"oval"
"gliding oval",1,"oval"
"glow oval",1,"oval"
"glowing ovals",1,"oval"
"gold oval",1,"oval"
"green ovals",1,"oval"
"hazy oval",1,"oval"
"hoax oval",1,"oval"
"horizontal oval",1,"oval"
"hours oval",1,"oval"
"humming oval",1,"oval"
"irridescent oval",1,"oval"
"jagged oval",1,"oval"
"larger oval",1,"oval"
"lebanon oval",1,"oval"
"lighted ovals",1,"oval"
"lights oval",1,"oval"
"lit ovals",1,"oval"
"lite oval",1,"oval"
"looked oval",1,"oval"
"luminum oval",1,"oval"
"manilla oval",1,"oval"
"medium oval",1,"oval"
"mettalic oval",1,"oval"
"midday oval",1,"oval"
"min oval",1,"oval"
"moving ovals",1,"oval"
"multple oval",1,"oval"
"mysterious oval",1,"oval"
"narrow oval",1,"oval"
"neon oval",1,"oval"
"numerous oval",1,"oval"
"object oval",1,"oval"
"observe oval",1,"oval"
"observerd oval",1,"oval"
"opaque oval",1,"oval"
"oranges oval",1,"oval"
"orangish oval",1,"oval"
"orbs oval",1,"oval"
"philadelphia.pa oval",1,"oval"
"pink oval",1,"oval"
"polished oval",1,"oval"
"pulsing oval",1,"oval"
"purple oval",1,"oval"
"purple ovals",1,"oval"
"quick oval",1,"oval"
"rect oval",1,"oval"
"rectangular oval",1,"oval"
"reddish ovals",1,"oval"
"redish oval",1,"oval"
"reflecting oval",1,"oval"
"rolling oval",1,"oval"
"saucer oval",1,"oval"
"saucer ovals",1,"oval"
"scary oval",1,"oval"
"scintilating oval",1,"oval"
"sheres ovals",1,"oval"
"shimmering oval",1,"oval"
"shining oval",1,"oval"
"sighting oval",1,"oval"
"single oval",1,"oval"
"sky ovals",1,"oval"
"smooth oval",1,"oval"
"soild oval",1,"oval"
"solid oval",1,"oval"
"speed oval",1,"oval"
"sphere oval",1,"oval"
"spheres ovals",1,"oval"
"squashed oval",1,"oval"
"stealth oval",1,"oval"
"strobing ovals",1,"oval"
"texas oval",1,"oval"
"tiny oval",1,"oval"
"transluslucent oval",1,"oval"
"transparent oval",1,"oval"
"twirling oval",1,"oval"
"unbelievable oval",1,"oval"
"unidentified oval",1,"oval"
"unlit oval",1,"oval"
"unusual oval",1,"oval"
"visible oval",1,"oval"
"wavy oval",1,"oval"
"weird oval",1,"oval"
"west oval",1,"oval"
"yellow ovals",1,"oval"
